{"_cached_at": 1770738539.8241754, "data": {"score": 0.0, "premium_pct": -0.000543, "open_interest": 80059.951, "funding_rate": -8.6e-05, "details": "premium -0.0543% neutral"}}