{"_at": 1770738539.248446, "v": 0.09578625387090783}